<?xml version="1.0" encoding="UTF-8"?>
<office:document-content xmlns:css3t="http://www.w3.org/TR/css3-text/" xmlns:grddl="http://www.w3.org/2003/g/data-view#" xmlns:xhtml="http://www.w3.org/1999/xhtml" xmlns:formx="urn:openoffice:names:experimental:ooxml-odf-interop:xmlns:form:1.0" xmlns:xsi="http://www.w3.org/2001/XMLSchema-instance" xmlns:xsd="http://www.w3.org/2001/XMLSchema" xmlns:dom="http://www.w3.org/2001/xml-events" xmlns:form="urn:oasis:names:tc:opendocument:xmlns:form:1.0" xmlns:xforms="http://www.w3.org/2002/xforms" xmlns:field="urn:openoffice:names:experimental:ooo-ms-interop:xmlns:field:1.0" xmlns:loext="urn:org:documentfoundation:names:experimental:office:xmlns:loext:1.0" xmlns:script="urn:oasis:names:tc:opendocument:xmlns:script:1.0" xmlns:drawooo="http://openoffice.org/2010/draw" xmlns:calcext="urn:org:documentfoundation:names:experimental:calc:xmlns:calcext:1.0" xmlns:math="http://www.w3.org/1998/Math/MathML" xmlns:tableooo="http://openoffice.org/2009/table" xmlns:of="urn:oasis:names:tc:opendocument:xmlns:of:1.2" xmlns:oooc="http://openoffice.org/2004/calc" xmlns:xlink="http://www.w3.org/1999/xlink" xmlns:fo="urn:oasis:names:tc:opendocument:xmlns:xsl-fo-compatible:1.0" xmlns:dc="http://purl.org/dc/elements/1.1/" xmlns:office="urn:oasis:names:tc:opendocument:xmlns:office:1.0" xmlns:meta="urn:oasis:names:tc:opendocument:xmlns:meta:1.0" xmlns:ooo="http://openoffice.org/2004/office" xmlns:chart="urn:oasis:names:tc:opendocument:xmlns:chart:1.0" xmlns:style="urn:oasis:names:tc:opendocument:xmlns:style:1.0" xmlns:text="urn:oasis:names:tc:opendocument:xmlns:text:1.0" xmlns:rpt="http://openoffice.org/2005/report" xmlns:draw="urn:oasis:names:tc:opendocument:xmlns:drawing:1.0" xmlns:officeooo="http://openoffice.org/2009/office" xmlns:dr3d="urn:oasis:names:tc:opendocument:xmlns:dr3d:1.0" xmlns:ooow="http://openoffice.org/2004/writer" xmlns:svg="urn:oasis:names:tc:opendocument:xmlns:svg-compatible:1.0" xmlns:table="urn:oasis:names:tc:opendocument:xmlns:table:1.0" xmlns:number="urn:oasis:names:tc:opendocument:xmlns:datastyle:1.0" office:version="1.3"><office:scripts/><office:font-face-decls><style:font-face style:name="FreeSans1" svg:font-family="FreeSans" style:font-family-generic="swiss"/><style:font-face style:name="Ubuntu" svg:font-family="Ubuntu" style:font-pitch="variable"/><style:font-face style:name="Liberation Serif" svg:font-family="&apos;Liberation Serif&apos;" style:font-family-generic="roman" style:font-pitch="variable"/><style:font-face style:name="Liberation Sans" svg:font-family="&apos;Liberation Sans&apos;" style:font-family-generic="swiss" style:font-pitch="variable"/><style:font-face style:name="FreeSans" svg:font-family="FreeSans" style:font-family-generic="system" style:font-pitch="variable"/><style:font-face style:name="Noto Sans CJK SC" svg:font-family="&apos;Noto Sans CJK SC&apos;" style:font-family-generic="system" style:font-pitch="variable"/><style:font-face style:name="Noto Serif CJK SC" svg:font-family="&apos;Noto Serif CJK SC&apos;" style:font-family-generic="system" style:font-pitch="variable"/></office:font-face-decls><office:automatic-styles><style:style style:name="P1" style:family="paragraph" style:parent-style-name="Text_20_body"><style:paragraph-properties fo:text-align="start" style:justify-single-word="false"/><style:text-properties fo:color="#5983b0" loext:opacity="100%" style:font-name="Ubuntu" fo:font-size="16pt" officeooo:paragraph-rsid="0018c51a" style:font-size-asian="16pt" style:font-size-complex="16pt"/></style:style><style:style style:name="P2" style:family="paragraph" style:parent-style-name="Text_20_body"><style:paragraph-properties fo:text-align="start" style:justify-single-word="false"/><style:text-properties fo:font-variant="normal" fo:text-transform="none" fo:color="#3465a4" loext:opacity="100%" style:font-name="Ubuntu" fo:font-size="18pt" fo:letter-spacing="normal" fo:font-style="normal" fo:font-weight="normal" style:font-size-asian="18pt" style:font-size-complex="18pt"/></style:style><style:style style:name="P3" style:family="paragraph" style:parent-style-name="Text_20_body"><style:paragraph-properties fo:text-align="center" style:justify-single-word="false"/><style:text-properties fo:font-variant="normal" fo:text-transform="none" fo:color="#3465a4" loext:opacity="100%" style:font-name="Ubuntu" fo:font-size="18pt" fo:letter-spacing="normal" fo:font-style="normal" fo:font-weight="normal" officeooo:rsid="0018c51a" officeooo:paragraph-rsid="00190d97" style:font-size-asian="18pt" style:font-weight-asian="normal" style:font-size-complex="18pt" style:font-weight-complex="normal"/></style:style><style:style style:name="P4" style:family="paragraph" style:parent-style-name="Text_20_body"><style:paragraph-properties fo:text-align="start" style:justify-single-word="false"/><style:text-properties fo:font-variant="normal" fo:text-transform="none" fo:color="#5983b0" loext:opacity="100%" style:font-name="Ubuntu" fo:font-size="16pt" fo:letter-spacing="normal" fo:font-style="normal" fo:font-weight="normal" officeooo:rsid="0018c51a" officeooo:paragraph-rsid="0018c51a" style:font-size-asian="16pt" style:font-weight-asian="normal" style:font-size-complex="16pt" style:font-weight-complex="normal"/></style:style><style:style style:name="P5" style:family="paragraph" style:parent-style-name="Text_20_body"><style:paragraph-properties fo:text-align="center" style:justify-single-word="false"/><style:text-properties fo:font-variant="normal" fo:text-transform="none" fo:color="#5983b0" loext:opacity="100%" style:font-name="Ubuntu" fo:font-size="16pt" fo:letter-spacing="normal" fo:font-style="normal" fo:font-weight="normal" officeooo:rsid="001a3619" officeooo:paragraph-rsid="001a3619" style:font-size-asian="16pt" style:font-weight-asian="normal" style:font-size-complex="16pt" style:font-weight-complex="normal"/></style:style><style:style style:name="P6" style:family="paragraph" style:parent-style-name="Text_20_body"><style:paragraph-properties fo:text-align="start" style:justify-single-word="false"/><style:text-properties fo:font-variant="normal" fo:text-transform="none" fo:color="#5983b0" loext:opacity="100%" style:font-name="Ubuntu" fo:font-size="16pt" fo:letter-spacing="normal" fo:font-style="normal" fo:font-weight="normal" officeooo:rsid="001a3619" officeooo:paragraph-rsid="001a3619" style:font-size-asian="16pt" style:font-weight-asian="normal" style:font-size-complex="16pt" style:font-weight-complex="normal"/></style:style><style:style style:name="P7" style:family="paragraph" style:parent-style-name="Text_20_body"><style:paragraph-properties fo:text-align="start" style:justify-single-word="false"/><style:text-properties fo:font-variant="normal" fo:text-transform="none" fo:color="#5983b0" loext:opacity="100%" style:font-name="Ubuntu" fo:font-size="16pt" fo:letter-spacing="normal" fo:font-style="normal" fo:font-weight="normal" officeooo:rsid="001e7090" officeooo:paragraph-rsid="001e7090" style:font-size-asian="16pt" style:font-weight-asian="normal" style:font-size-complex="16pt" style:font-weight-complex="normal"/></style:style><style:style style:name="P8" style:family="paragraph" style:parent-style-name="Text_20_body"><style:paragraph-properties fo:text-align="center" style:justify-single-word="false"/><style:text-properties fo:font-variant="normal" fo:text-transform="none" fo:color="#5983b0" loext:opacity="100%" style:font-name="Ubuntu" fo:font-size="16pt" fo:letter-spacing="normal" fo:font-style="normal" fo:font-weight="normal" officeooo:rsid="001e7090" officeooo:paragraph-rsid="001e7090" style:font-size-asian="16pt" style:font-weight-asian="normal" style:font-size-complex="16pt" style:font-weight-complex="normal"/></style:style><style:style style:name="P9" style:family="paragraph" style:parent-style-name="Text_20_body"><style:paragraph-properties fo:text-align="start" style:justify-single-word="false"/><style:text-properties officeooo:paragraph-rsid="00205223"/></style:style><style:style style:name="P10" style:family="paragraph" style:parent-style-name="Heading_20_3"><style:paragraph-properties fo:text-align="center" style:justify-single-word="false"/><style:text-properties fo:font-variant="normal" fo:text-transform="none" fo:color="#3465a4" loext:opacity="100%" style:font-name="Ubuntu" fo:font-size="18pt" fo:letter-spacing="normal" fo:font-style="normal" fo:font-weight="normal" style:font-size-asian="18pt" style:font-size-complex="18pt"/></style:style><style:style style:name="P11" style:family="paragraph" style:parent-style-name="Text_20_body"><style:paragraph-properties fo:text-align="center" style:justify-single-word="false"/><style:text-properties fo:font-variant="normal" fo:text-transform="none" fo:color="#5983b0" loext:opacity="100%" style:font-name="Ubuntu" fo:font-size="16pt" fo:letter-spacing="normal" fo:font-style="normal" fo:font-weight="normal" officeooo:rsid="001e7090" officeooo:paragraph-rsid="001e7090" style:font-size-asian="16pt" style:font-weight-asian="normal" style:font-size-complex="16pt" style:font-weight-complex="normal"/></style:style><style:style style:name="P12" style:family="paragraph" style:parent-style-name="Text_20_body"><style:paragraph-properties fo:text-align="start" style:justify-single-word="false"/><style:text-properties fo:font-variant="normal" fo:text-transform="none" fo:color="#5983b0" loext:opacity="100%" style:font-name="Ubuntu" fo:font-size="16pt" fo:letter-spacing="normal" fo:font-style="normal" fo:font-weight="normal" officeooo:rsid="001a3619" officeooo:paragraph-rsid="001e7090" style:font-size-asian="16pt" style:font-weight-asian="normal" style:font-size-complex="16pt" style:font-weight-complex="normal"/></style:style><style:style style:name="P13" style:family="paragraph" style:parent-style-name="Text_20_body"><style:paragraph-properties fo:text-align="start" style:justify-single-word="false"/><style:text-properties fo:font-variant="normal" fo:text-transform="none" fo:color="#5983b0" loext:opacity="100%" style:font-name="Ubuntu" fo:font-size="16pt" fo:letter-spacing="normal" fo:font-style="normal" fo:font-weight="normal" officeooo:rsid="00224351" officeooo:paragraph-rsid="00224351" style:font-size-asian="16pt" style:font-weight-asian="normal" style:font-size-complex="16pt" style:font-weight-complex="normal"/></style:style><style:style style:name="P14" style:family="paragraph" style:parent-style-name="Text_20_body"><style:paragraph-properties fo:text-align="start" style:justify-single-word="false"/><style:text-properties fo:font-variant="normal" fo:text-transform="none" fo:color="#5983b0" loext:opacity="100%" style:font-name="Ubuntu" fo:font-size="16pt" fo:letter-spacing="normal" fo:font-style="normal" fo:font-weight="normal" officeooo:rsid="0024324c" officeooo:paragraph-rsid="0024324c" style:font-size-asian="16pt" style:font-weight-asian="normal" style:font-size-complex="16pt" style:font-weight-complex="normal"/></style:style><style:style style:name="P15" style:family="paragraph" style:parent-style-name="Text_20_body"><style:paragraph-properties fo:text-align="center" style:justify-single-word="false"/><style:text-properties fo:font-variant="normal" fo:text-transform="none" fo:color="#5983b0" loext:opacity="100%" style:font-name="Ubuntu" fo:font-size="16pt" fo:letter-spacing="normal" fo:font-style="normal" fo:font-weight="normal" officeooo:rsid="0024324c" officeooo:paragraph-rsid="0024324c" style:font-size-asian="16pt" style:font-weight-asian="normal" style:font-size-complex="16pt" style:font-weight-complex="normal"/></style:style><style:style style:name="P16" style:family="paragraph" style:parent-style-name="Text_20_body"><style:paragraph-properties fo:text-align="start" style:justify-single-word="false"/><style:text-properties fo:font-variant="normal" fo:text-transform="none" fo:color="#5983b0" loext:opacity="100%" style:font-name="Ubuntu" fo:font-size="16pt" fo:letter-spacing="normal" fo:font-style="normal" fo:font-weight="normal" officeooo:rsid="0025b3dd" officeooo:paragraph-rsid="0025b3dd" style:font-size-asian="16pt" style:font-weight-asian="normal" style:font-size-complex="16pt" style:font-weight-complex="normal"/></style:style><style:style style:name="T1" style:family="text"><style:text-properties fo:font-variant="normal" fo:text-transform="none" fo:letter-spacing="normal" fo:font-style="normal" fo:font-weight="normal" style:font-weight-asian="normal" style:font-weight-complex="normal"/></style:style><style:style style:name="T2" style:family="text"><style:text-properties fo:font-variant="normal" fo:text-transform="none" fo:letter-spacing="normal" fo:font-style="normal" fo:font-weight="normal" officeooo:rsid="00190d97" style:font-weight-asian="normal" style:font-weight-complex="normal"/></style:style><style:style style:name="T3" style:family="text"><style:text-properties fo:font-variant="normal" fo:text-transform="none" fo:color="#5983b0" loext:opacity="100%" style:font-name="Ubuntu" fo:font-size="16pt" fo:letter-spacing="normal" fo:font-style="normal" fo:font-weight="normal" style:font-size-asian="16pt" style:font-weight-asian="normal" style:font-size-complex="16pt" style:font-weight-complex="normal"/></style:style><style:style style:name="T4" style:family="text"><style:text-properties fo:font-variant="normal" fo:text-transform="none" fo:color="#5983b0" loext:opacity="100%" style:font-name="Ubuntu" fo:font-size="16pt" fo:letter-spacing="normal" fo:font-style="normal" fo:font-weight="normal" officeooo:rsid="00190d97" style:font-size-asian="16pt" style:font-weight-asian="normal" style:font-size-complex="16pt" style:font-weight-complex="normal"/></style:style><style:style style:name="T5" style:family="text"><style:text-properties officeooo:rsid="001b9781"/></style:style><style:style style:name="T6" style:family="text"><style:text-properties officeooo:rsid="001e7090"/></style:style><style:style style:name="T7" style:family="text"><style:text-properties officeooo:rsid="0025b3dd"/></style:style><style:style style:name="fr1" style:family="graphic" style:parent-style-name="Graphics"><style:graphic-properties style:vertical-pos="from-top" style:vertical-rel="paragraph" style:horizontal-pos="from-left" style:horizontal-rel="paragraph" style:mirror="none" fo:clip="rect(0in, 0in, 0in, 0in)" draw:luminance="0%" draw:contrast="0%" draw:red="0%" draw:green="0%" draw:blue="0%" draw:gamma="100%" draw:color-inversion="false" draw:image-opacity="100%" draw:color-mode="standard"/></style:style></office:automatic-styles><office:body><office:text text:use-soft-page-breaks="true"><text:sequence-decls><text:sequence-decl text:display-outline-level="0" text:name="Illustration"/><text:sequence-decl text:display-outline-level="0" text:name="Table"/><text:sequence-decl text:display-outline-level="0" text:name="Text"/><text:sequence-decl text:display-outline-level="0" text:name="Drawing"/><text:sequence-decl text:display-outline-level="0" text:name="Figure"/></text:sequence-decls><text:h text:style-name="P10" text:outline-level="3">Урок 2. Настройка и знакомство с интерфейсом командной строки.</text:h><text:p text:style-name="P2"/><text:p text:style-name="P3">Задания: </text:p><text:p text:style-name="P9"><text:span text:style-name="Strong_20_Emphasis"><text:span text:style-name="T4">1. </text:span></text:span><text:span text:style-name="Strong_20_Emphasis"><text:span text:style-name="T3">Навигация по файловой системе.</text:span></text:span></text:p><text:p text:style-name="P9"><text:span text:style-name="Strong_20_Emphasis"><text:span text:style-name="T3"><text:tab/></text:span></text:span><text:span text:style-name="T3">Попрактиковаться в перемещении между каталогами, <text:tab/>используя полный и относительный путь. Перечислить, <text:tab/>какие параметры команды cd позволят быстро вернуться <text:tab/>в домашний каталог, позволят перейти на уровень выше.</text:span></text:p><text:p text:style-name="P9"><text:span text:style-name="Strong_20_Emphasis"><text:span text:style-name="T4">2. </text:span></text:span><text:span text:style-name="Strong_20_Emphasis"><text:span text:style-name="T3">Управление файлами и каталогами и текстовые редакторы.</text:span></text:span></text:p><text:p text:style-name="P9"><text:span text:style-name="Strong_20_Emphasis"><text:span text:style-name="T3"><text:tab/></text:span></text:span><text:span text:style-name="T3">Создать файл с наполнением, используя несколько <text:tab/>способов. Использовать разобранные текстовые <text:tab/>редакторы для наполнения файлов данными. Создать <text:tab/>копии созданных файлов, создать несколько каталогов с <text:tab/>подкаталогами, перенести несколько файлов в созданные <text:tab/>каталоги. Перечислить команды и используемые <text:tab/>параметры команд.</text:span></text:p><text:p text:style-name="P1"><text:span text:style-name="T1"><text:s/>*</text:span><text:span text:style-name="T2">3.</text:span><text:span text:style-name="T1"><text:tab/>Используя дополнительный материал, настроить авторизацию по SSH с использованием ключей.</text:span></text:p><text:p text:style-name="P4"/><text:p text:style-name="P5"/><text:p text:style-name="P5"/><text:p text:style-name="P5"/><text:p text:style-name="P5"/><text:p text:style-name="P5"/><text:p text:style-name="P5"/><text:p text:style-name="P5"/><text:p text:style-name="P5"/><text:p text:style-name="P5"><text:soft-page-break/></text:p><text:p text:style-name="P5">1.</text:p><text:p text:style-name="P6">Попрактиковался с навигацией, использовал полный (/<text:span text:style-name="T5">etc</text:span>/, /<text:span text:style-name="T6">home/user</text:span>) <text:span text:style-name="T5">и относительный (./some-dir/some-file, ../)</text:span></text:p><text:p text:style-name="P6"><draw:frame draw:style-name="fr1" draw:name="Image1" text:anchor-type="char" svg:x="0in" svg:y="0.1673in" svg:width="6.6929in" svg:height="4.072in" draw:z-index="0"><draw:image xlink:href="Pictures/100002010000036C0000021571E01FEA8315C691.png" xlink:type="simple" xlink:show="embed" xlink:actuate="onLoad" draw:mime-type="image/png"/></draw:frame></text:p><text:p text:style-name="P7">Команда “cd” и “cd ~” позволяют выйти в домашнюю директорию.</text:p><text:p text:style-name="P7">Перейти в родительский коталог позволяет команда “cd ../”.</text:p><text:p text:style-name="P7"/><text:p text:style-name="P8"/><text:p text:style-name="P8"/><text:p text:style-name="P8"/><text:p text:style-name="P8"/><text:p text:style-name="P8"/><text:p text:style-name="P8"/><text:p text:style-name="P8"><text:soft-page-break/>2.</text:p><text:p text:style-name="P13">Использовал перенаправление для наполнения файла. (&gt;, &gt;&gt;)</text:p><text:p text:style-name="P12"><draw:frame draw:style-name="fr1" draw:name="Image2" text:anchor-type="char" svg:x="0in" svg:y="0.1409in" svg:width="6.6929in" svg:height="4.072in" draw:z-index="1"><draw:image xlink:href="Pictures/100002010000036C00000215E7F130D18F03F1F1.png" xlink:type="simple" xlink:show="embed" xlink:actuate="onLoad" draw:mime-type="image/png"/></draw:frame></text:p><text:p text:style-name="P13">Nano</text:p><text:p text:style-name="P13"><draw:frame draw:style-name="fr1" draw:name="Image3" text:anchor-type="char" svg:x="0.0102in" svg:y="0.0957in" svg:width="6.6929in" svg:height="4.072in" draw:z-index="2"><draw:image xlink:href="Pictures/100002010000036C00000215D1175319F567849B.png" xlink:type="simple" xlink:show="embed" xlink:actuate="onLoad" draw:mime-type="image/png"/></draw:frame></text:p><text:p text:style-name="P13"><text:soft-page-break/>VIM</text:p><text:p text:style-name="P13"><draw:frame draw:style-name="fr1" draw:name="Image4" text:anchor-type="char" svg:x="0in" svg:y="0.1618in" svg:width="6.6929in" svg:height="4.072in" draw:z-index="3"><draw:image xlink:href="Pictures/100002010000036C00000215EE578A1447B14570.png" xlink:type="simple" xlink:show="embed" xlink:actuate="onLoad" draw:mime-type="image/png"/></draw:frame></text:p><text:p text:style-name="P14">Скопировал файл в текущую директорию, создал каталог с подкаталогом и перенёс в подкаталог все файлы.</text:p><text:p text:style-name="P13"><draw:frame draw:style-name="fr1" draw:name="Image5" text:anchor-type="char" svg:x="0.0209in" svg:y="0.1827in" svg:width="6.6929in" svg:height="4.072in" draw:z-index="4"><draw:image xlink:href="Pictures/100002010000036C00000215F6A2232464AB4D5F.png" xlink:type="simple" xlink:show="embed" xlink:actuate="onLoad" draw:mime-type="image/png"/></draw:frame></text:p><text:p text:style-name="P15"><text:soft-page-break/>3.</text:p><text:p text:style-name="P14">Запустил VBOX, сервер, авторизовался.</text:p><text:p text:style-name="P14">Со своего терминала ввожу команду ssh-keygen, <text:span text:style-name="T7">которая сгенерирует публичный и приватный ключи.</text:span></text:p><text:p text:style-name="P14"><draw:frame draw:style-name="fr1" draw:name="Image6" text:anchor-type="char" svg:x="0in" svg:y="0.1134in" svg:width="6.6929in" svg:height="4.072in" draw:z-index="5"><draw:image xlink:href="Pictures/100002010000036C000002155F023D3B15FB910A.png" xlink:type="simple" xlink:show="embed" xlink:actuate="onLoad" draw:mime-type="image/png"/></draw:frame></text:p><text:p text:style-name="P16">Чтобы скопировать публичный ключ на локальный сервер я испо<draw:frame draw:style-name="fr1" draw:name="Image7" text:anchor-type="char" svg:x="0.448in" svg:y="0.678in" svg:width="5.7602in" svg:height="3.5047in" draw:z-index="6"><draw:image xlink:href="Pictures/100002010000036C00000215ABE1E98672338CA4.png" xlink:type="simple" xlink:show="embed" xlink:actuate="onLoad" draw:mime-type="image/png"/></draw:frame>льзовал команду ssh-copy-id <text:a xlink:type="simple" xlink:href="mailto:maks@192.168.0.85" text:style-name="Internet_20_link" text:visited-style-name="Visited_20_Internet_20_Link">maks@192.168.0.85</text:a></text:p><text:p text:style-name="P16"><text:soft-page-break/></text:p><text:p text:style-name="P14"/><text:p text:style-name="P14"/></office:text></office:body></office:document-content>