<?xml version="1.0" encoding="UTF-8"?>
<office:document-meta xmlns:grddl="http://www.w3.org/2003/g/data-view#" xmlns:xlink="http://www.w3.org/1999/xlink" xmlns:dc="http://purl.org/dc/elements/1.1/" xmlns:office="urn:oasis:names:tc:opendocument:xmlns:office:1.0" xmlns:meta="urn:oasis:names:tc:opendocument:xmlns:meta:1.0" xmlns:ooo="http://openoffice.org/2004/office" office:version="1.3"><office:meta><meta:creation-date>2021-05-18T23:20:20.644127000</meta:creation-date><dc:date>2021-05-28T11:27:12.205020638</dc:date><meta:editing-duration>PT14H57M58S</meta:editing-duration><meta:editing-cycles>4</meta:editing-cycles><meta:generator>LibreOffice/7.1.3.2$Linux_X86_64 LibreOffice_project/12a8e3cbd24a3757385a302d290655d4f3c7ebf1</meta:generator><meta:document-statistic meta:table-count="0" meta:image-count="7" meta:object-count="0" meta:page-count="6" meta:paragraph-count="20" meta:word-count="180" meta:character-count="1420" meta:non-whitespace-character-count="1247"/></office:meta></office:document-meta>